Model,Accuracy,Precision,Recall,F1-Score,AUC-ROC,CV_F1_Mean,CV_F1_Std
Logistic Regression,0.8439181916038752,0.880891719745223,0.8479460453709381,0.8641049671977507,0.9209401698068777,0.8648345677536906,0.003664101181343941
