Model,Accuracy,Precision,Recall,F1-Score,AUC-ROC,CV_F1_Mean,CV_F1_Std
Gradient Boosting,0.8473268747757445,0.8593144560357675,0.8838136112814224,0.8713918694272328,0.9205548477911739,0.8704551900988988,0.0037977010203863177
