Model,Accuracy,Precision,Recall,F1-Score,AUC-ROC,CV_F1_Mean,CV_F1_Std
Logistic Regression,0.8440975959813419,0.8811723478814909,0.8479460453709381,0.8642399625058584,0.9209551530786513,0.8649413600595555,0.003791553212604945
