Model,Accuracy,Precision,Recall,F1-Score,AUC-ROC
Gradient Boosting,0.8467886616433441,0.8594029850746269,0.8825873697118333,0.8708408953418028,0.9204202635358613
Logistic Regression,0.8439181916038752,0.880891719745223,0.8479460453709381,0.8641049671977507,0.9208753306927415
Random Forest,0.838356655902404,0.8578357077902394,0.8675659104843654,0.8626733729614388,0.9140343400677615
Decision Tree,0.8141370649443846,0.8495603015075377,0.8292458614347027,0.8392801737511635,0.860848830191001
