Model,Accuracy,Precision,Recall,F1-Score,AUC-ROC
Gradient Boosting,0.8473268747757445,0.8593144560357675,0.8838136112814224,0.8713918694272328,0.9205548477911739
Logistic Regression,0.8440975959813419,0.8811723478814909,0.8479460453709381,0.8642399625058584,0.9209551530786513
Random Forest,0.8378184427700036,0.8574893875075803,0.8669527896995708,0.8621951219512195,0.9146310190322027
Decision Tree,0.8116254036598493,0.8473618090452262,0.8270999386879215,0.8371082842072602,0.8640352284564419
