Model,Accuracy,Precision,Recall,F1-Score,AUC-ROC
Logistic Regression,0.8439181916038752,0.880891719745223,0.8479460453709381,0.8641049671977507,0.9209401698068777
Random Forest,0.8390742734122713,0.8582247803695849,0.8684855916615574,0.863324699070547,0.9155853075893321
Decision Tree,0.8116254036598493,0.8473618090452262,0.8270999386879215,0.8371082842072604,0.8640273390345787
