Model,Accuracy,Precision,Recall,F1-Score,AUC-ROC
Logistic Regression,0.8440975959813419,0.8811723478814909,0.8479460453709381,0.8642399625058584,0.9209551530786513
Random Forest,0.8390742734122713,0.8582247803695849,0.8684855916615574,0.8633246990705471,0.9155853075893321
Decision Tree,0.8116254036598493,0.8473618090452262,0.8270999386879215,0.8371082842072602,0.8640352284564419
